{
  "bev_world_dim": [
    10,
    10
  ],
  "bev_from_base_link": 3,
  "unit_conversion_factor": [
    0.016666666666666666,
    0.0125
  ],
  "src": [
    [
      185.7463836669922,
      305.0780944824219
    ],
    [
      -1291.2386474609375,
      336.564208984375
    ],
    [
      1987.3245849609375,
      336.564208984375
    ],
    [
      601.935546875,
      305.0780944824219
    ]
  ]
}